battery_idx,t_normalized,T_celsius,I_amperes,C_target,RUL,cycle,T_celsius_norm,I_amperes_norm
1,0.4215686274509804,32.537854347094196,-1.7388746112390865,1.4935201918040188,354,260,0.5549834154003106,0.5403684674496758
1,0.3954248366013072,32.5437072434024,-1.7593486488770236,1.5246566834474087,370,244,0.556317320746798,0.49796009176255485
1,0.6683006535947712,34.216231530637586,-1.6971165805711328,1.3737600299108574,203,411,0.9374942580087868,0.6268628992680267
1,0.815359477124183,33.76400861956033,-1.6493259508429792,1.300235735841116,113,501,0.8344303171621741,0.7258528012930303
3,0.23734177215189872,30.994690437264207,-1.8623726014599724,1.6940366439243106,241,78,0.20328837734821548,0.2845640551247106
3,0.3512658227848101,30.38386825126278,-1.8199201144788144,1.5954638693695657,205,114,0.06407884129024488,0.3724969313158555
1,0.9901960784313726,33.6634605108384,-1.523792814686802,1.1587974947916069,6,608,0.8115148830350751,0.9858726612462654
3,0.9683544303797469,31.81846533166901,-1.782779873271704,1.3627371779096438,10,309,0.39103093728533533,0.44942642270757505
0,0.5392156862745098,32.91990812745461,-1.7958941337499832,1.5169573017136326,282,332,0.6420554483618677,0.42226253373478606
1,0.5718954248366013,33.39150630507064,-1.729690117077797,1.431210744960774,262,352,0.7495351126836187,0.5593925351873663
3,0.8291139240506329,31.24511885640641,-1.7959419603883284,1.4283681980964316,54,265,0.26036230957181594,0.4221634692472307
2,0.27450980392156865,31.779120691032947,-1.9723254573804139,1.775328769596812,444,170,0.38206409014907106,0.056816011274978706
0,0.48366013071895425,32.379859014262976,-1.8026537331443495,1.527914258251028,316,298,0.5189754617162121,0.4082612099275291
2,0.7761437908496732,32.58599202496769,-1.8726786421400121,1.476971179775059,137,477,0.5659542412105916,0.2632169006095686
0,0.6748366013071896,33.61126807392732,-1.7425325036061032,1.417429032731308,199,415,0.7996199566642952,0.5327917853869226
2,0.3464052287581699,32.10276048728767,-1.9425165961920092,1.7036521173638766,400,214,0.4558232739492647,0.1185598356460309
2,0.5915032679738562,32.74051962267582,-1.8967768141795405,1.5649820533392105,250,364,0.6011718801210604,0.213301766560408
3,0.24367088607594936,31.055317978554886,-1.8547843408980225,1.6819027078768087,239,80,0.21710570764307668,0.3002818051070908
3,0.0379746835443038,30.821190751176527,-1.9460914562122762,1.8306736044962053,304,15,0.16374690135079106,0.11115514051704256
2,0.4019607843137255,32.23410177209762,-1.9181664471622712,1.6574243065763063,366,248,0.48575663220421195,0.16899689580738775
1,0.7303921568627451,33.818304796930946,-1.6873533635265776,1.3524934638801596,165,449,0.8468046968666263,0.6470856898900976
2,0.9575163398692811,32.48861829940489,-1.8494580225090995,1.4165781829175994,26,588,0.5437622654269854,0.31131433885842696
2,0.6683006535947712,33.382402850667845,-1.888168080257056,1.5239059324661248,203,411,0.7474603883317839,0.2311332480117616
1,0.5326797385620915,33.14347737377552,-1.7640032117743045,1.4831110745410492,286,328,0.6930080361532527,0.4883189816162363
2,0.3006535947712418,31.72316205746117,-1.9607439129501683,1.749650075059311,428,186,0.3693108280762569,0.08080514795239058
2,0.16339869281045752,31.068710515588776,-1.9781601679702336,1.836828431169018,512,102,0.22015793611455958,0.04473043230445839
3,0.31329113924050633,30.755137125871208,-1.8693745969498121,1.6760516154424623,217,102,0.14869293843910558,0.27006065034721694
0,0.795751633986928,33.59131052719714,-1.711022510206629,1.3647827949260758,125,489,0.7950715285213175,0.5980592065773354
0,0.2549019607843137,32.66698125020078,-1.9267185977839403,1.7673642076278957,456,158,0.584412104609755,0.15128261673306564
2,0.5196078431372549,32.948305858317944,-1.916884219356136,1.6157433862812898,294,320,0.6485274381310386,0.17165280567141483
3,0.8354430379746836,31.05306925187263,-1.7956017209600372,1.4147874517552432,52,267,0.21659321119921326,0.4228682155094825
3,0.680379746835443,30.931917385258963,-1.798647877727257,1.428376058807949,101,218,0.18898207406247902,0.4165586363795333
2,0.3758169934640523,32.20371989479744,-1.9247195409983122,1.6779270142025482,382,232,0.47883244519781787,0.1554233120216062
0,0.4084967320261438,32.51218336210202,-1.8438790389835118,1.6015142233917594,362,252,0.5491328651210123,0.32287022409656796
0,0.5081699346405228,32.856295641052824,-1.822916991757235,1.605818899130659,301,313,0.6275578336346479,0.3662894259981959
1,0.6421568627450981,33.976109677640174,-1.7052696591517462,1.3893171179312644,219,395,0.8827692455268865,0.6099752278879271
2,0.7107843137254902,33.13820710362847,-1.8941478117057606,1.5236247972838737,177,437,0.691806914322898,0.21874728378383246
0,0.16339869281045752,31.40934895665031,-1.9284469980320087,1.80460990458052,512,102,0.29779119900258344,0.1477025389607176
3,0.7911392405063291,31.647958536134297,-1.7752748972563315,1.3679487285504814,66,253,0.3521715565275727,0.4649716633685088
0,0.19607843137254902,31.569551201845574,-1.9220800182578983,1.773037755078937,492,122,0.3343021194311113,0.16089062013101207
0,0.9771241830065359,33.27568841807217,-1.6744879201095209,1.293463613844243,14,600,0.7231396170946072,0.6737341979890066
2,0.22549019607843138,30.939399361884792,-1.9780364457328714,1.7958310249900458,474,140,0.19068725524081298,0.04498670120537973
0,0.13725490196078433,31.91556385491565,-1.920618117118412,1.8518025516704486,528,86,0.41316019303743,0.16391869177164864
2,0.6290849673202614,33.2282109237263,-1.8959167588975119,1.5450187488690073,227,387,0.7123192505254918,0.21508322013380488
1,0.06535947712418301,31.51177053595285,-1.9892347833261184,1.979626548250818,572,42,0.3211336067667272,0.02179131023639691
0,0.8921568627450981,33.4949493613756,-1.715777469309528,1.3601216766554785,66,548,0.7731103203408578,0.5882101433110356
1,0.33986928104575165,32.610757585145336,-1.8113056300795982,1.5989712144027983,404,210,0.5715984404907699,0.39034032387052564
2,0.4444444444444444,31.798082670491866,-1.9108556098369367,1.621213282987236,340,274,0.38638562336071924,0.18414001224406595
0,0.0196078431372549,32.480416444757985,-1.816791144707133,1.8351461429226603,600,14,0.5418930203236192,0.37897804305051563
3,0.40189873417721517,31.172639449335037,-1.8606833274060013,1.6468336174407805,189,130,0.24384387775418226,0.28806308985279827
3,0.7784810126582279,31.475238112886494,-1.7778412667349817,1.3703251814242443,70,249,0.3128076785625922,0.45965587940214103
3,0.8164556962025317,31.017997058077018,-1.8096836854216038,1.4500998937104097,58,261,0.2086000767998506,0.3936998975714401
0,0.46405228758169936,32.945022147355694,-1.817160673909645,1.55468935359061,328,286,0.6477790634156477,0.37821262816144374
1,0.8676470588235294,32.970182781539556,-1.6181015728870058,1.253259864055301,81,533,0.6535133021056145,0.7905286202189448
0,0.6421568627450981,33.52446663707275,-1.7516428147438297,1.4386709371480566,219,395,0.7798374601692153,0.5139213747631102
2,0.9313725490196079,32.40094040453025,-1.8504182940365097,1.4262562585106868,42,572,0.523780019615093,0.30932530492109533
1,0.5130718954248366,33.37083344726966,-1.821445703423604,1.5463902376915637,298,316,0.744823661447203,0.36933694156401087
0,0.42810457516339867,32.32889654966259,-1.8311195242792309,1.5849430707374117,350,264,0.5073608523978566,0.3492993194578977
1,0.43790849673202614,32.71220835503141,-1.7612682208672186,1.5040760088360112,344,270,0.5947195957667679,0.49398403527783774
0,0.6879084967320261,33.723267448788484,-1.7421680980861822,1.412578792940193,191,423,0.8251451935835199,0.5335465874667347
0,0.9509803921568627,33.253984518546055,-1.67627880896028,1.3033573559038205,30,584,0.7181931861153101,0.6700246860431975
3,0.9113924050632911,30.706123644966482,-1.778331020505836,1.3462308764008801,28,291,0.13752251258735448,0.4586414404196666
3,0.189873417721519,30.125011009636175,-1.8780560689384003,1.7075021373272627,256,63,0.0050839368189770084,0.2520785047577667
3,0.8892405063291139,31.127360345471814,-1.7873231599598716,1.3761826562394497,35,284,0.23352453574864285,0.44001580169899146
1,0.7107843137254902,34.16445180476378,-1.7152465923901479,1.378719022627353,177,437,0.9256933906184122,0.5893097616783955
1,0.21568627450980393,31.543288143901563,-1.9093247566511207,1.7546766553637203,480,134,0.3283166326632152,0.18731090594729993
1,0.5964052287581699,34.08965316576344,-1.7486639022205694,1.452255804330839,247,367,0.9086463938464568,0.520091669243345
2,0.43137254901960786,32.506671891788216,-1.917648718820213,1.641119179218384,348,266,0.5478767725248925,0.17006927920445625
0,0.49019607843137253,32.68215852457039,-1.8031542757366414,1.5285252629756445,312,302,0.5878710839527441,0.4072244237949305
2,0.7303921568627451,32.77234087259374,-1.8807630082774924,1.5031960676037333,165,449,0.6084241075931116,0.2464715549960963
1,0.4084967320261438,32.58978020040808,-1.7516949849801624,1.509391504602082,362,252,0.5668175859902158,0.513813313274643
0,0.04411764705882353,32.15709029211502,-1.882536787636365,1.8134404914735822,585,29,0.468205317525066,0.24279748235994214
1,0.8415032679738562,33.439116773449626,-1.6340244573659812,1.274036760902923,97,517,0.7603857847227742,0.7575471595540586
1,0.16993464052287582,31.30305692941581,-1.9490605727432448,1.8134770059567056,508,106,0.27356669613237905,0.10500513671560174
0,0.05718954248366013,31.965008645476725,-1.9133470605822436,1.8030683142834096,577,37,0.4244289165910873,0.17897940928526523
2,0.3562091503267974,32.21373014824893,-1.9310192096578356,1.6935716157343033,394,220,0.48111383374384786,0.14237465401179472
0,0.9183006535947712,33.229879126701434,-1.685043785043406,1.318633896753293,50,564,0.7126994426133715,0.6518695763772331
2,0.8415032679738562,32.7394359440147,-1.8588972649148483,1.451615926257375,97,517,0.6009249041481706,0.29176260484172944
0,0.3006535947712418,31.975920928072714,-1.9020484449938713,1.710533351135192,428,186,0.4269158822454706,0.20238250852193973
0,0.1568627450980392,31.465690433362017,-1.923330987770314,1.8093079637028517,516,98,0.3106317130074876,0.1582994563364628
3,0.5411392405063291,30.761821976538275,-1.8090400456598725,1.4963534117486457,145,174,0.15021645048779408,0.3950330843763763
1,0.9183006535947712,33.56245583951572,-1.5901105081883435,1.2271137666213534,50,564,0.7884953959294041,0.8485071981924381
2,0.02287581699346405,32.45374435641106,-1.9063154499484403,1.8815088124038797,598,16,0.5358143134109259,0.1935441566358973
1,0.0915032679738562,31.119005145018026,-1.9885639445355097,1.9459811331421641,556,58,0.23162034234260886,0.023180835056108684
1,0.7434640522875817,33.79894614410012,-1.6852952939579415,1.3370075130842318,157,457,0.8423927597414735,0.6513486198016469
2,0.6421568627450981,33.12431679486816,-1.8889185963670394,1.5343086721758876,219,395,0.6886412410999219,0.2295786856086699
3,0.4936708860759494,30.976616345195186,-1.817194042260449,1.5402045278637397,160,159,0.1991691982658894,0.3781435114790397
3,0.9936708860759493,31.52613649688221,-1.7884847819526568,1.3547969729652622,2,317,0.3244076835796452,0.4376097056104906
3,0.31962025316455694,30.977446633931525,-1.839770443871628,1.649300642552199,215,104,0.19935842536410053,0.33138045779508296
1,0.3202614379084967,32.48984985901219,-1.8297533943331723,1.6291999416165441,416,198,0.5440429442325181,0.3521290178795966
2,0.3202614379084967,32.128842946565555,-1.9491545130405272,1.7285642277717963,416,198,0.46176760134688966,0.10481055587669985
3,0.740506329113924,31.423707199142058,-1.7915215753378781,1.3968547782872414,82,237,0.30106351674364085,0.4313195210830383
2,0.9052287581699346,32.502652632323915,-1.8578958465335809,1.4471379752748499,58,556,0.54696076250079,0.29383686726538016
2,0.16993464052287582,31.618244836823447,-1.9783765899690637,1.8371619619672275,508,106,0.3453996507415251,0.04428215211685416
2,0.45098039215686275,31.95802833708937,-1.9049762303506044,1.6164273214762122,336,278,0.42283806819950165,0.19631811499413265
0,0.9967320261437909,33.71351889594897,-1.6888978346592105,1.3090153642307354,2,612,0.8229234479607737,0.6438865890000391
1,0.9771241830065359,33.472459360982775,-1.5169723774339863,1.15381833159625,14,600,0.7679847329074274,0.9999999999999996
0,0.05065359477124183,31.931593674911532,-1.8921861285036712,1.80210690024615,581,33,0.41681347193898244,0.22281056625329398
2,0.8986928104575164,32.665258715232376,-1.8647784241320742,1.4518640367848885,62,552,0.5840195299795425,0.279580815691467
2,0.029411764705882353,32.30534276235138,-1.9165016044519978,1.870052380139199,594,20,0.5019928224226096,0.17244532529480905
0,0.815359477124183,33.887639684793655,-1.7034912994217157,1.3547039213192407,113,501,0.8626064764895691,0.6136587879590603
0,0.02287581699346405,32.41046186109587,-1.8443412120754061,1.8257567905665537,598,16,0.5259500088222175,0.3219129136500336
2,0.7009803921568627,33.29697162630193,-1.901022727285377,1.5339599193158786,183,431,0.7279901703511698,0.2045071027373062
3,0.4208860759493671,30.765219721637393,-1.8362729789790888,1.6057366823755344,183,136,0.15099081417289106,0.3386248425001539
1,0.238562091503268,31.206611383963253,-1.8892713805954209,1.7024077813673466,466,148,0.25158625739750207,0.22884795499469623
2,0.06535947712418301,32.35216872128999,-1.9066656790606797,1.8807805437609766,572,42,0.5126647007019267,0.19281871849657817
2,0.0032679738562091504,32.738209593287145,-1.8680422715350309,1.880637027686859,610,4,0.6006454124732779,0.27282032861521266
2,0.6356209150326797,33.361342590516294,-1.889387844169526,1.5445940154102908,223,391,0.7426606460955867,0.2286067211407854
0,0.22549019607843138,31.41911167391793,-1.9151304155635374,1.7517304870664143,474,140,0.3000161727717696,0.17528550242782792
1,0.2549019607843137,32.210981559158874,-1.9470636598230844,1.7757610945034283,456,158,0.4804874160713908,0.10914139136308343
0,0.6617647058823529,33.91080564765892,-1.7446206812145286,1.42806487344776,207,407,0.8678861192673155,0.5284664919550375
1,0.8218954248366013,33.57003564415372,-1.6481131076816375,1.2895066722480755,109,505,0.7902228726177896,0.7283649930426646
1,0.7369281045751634,33.812621135472135,-1.6919294969110734,1.3474099151661236,161,453,0.8455093610177906,0.6376070327148033
0,0.08496732026143791,31.98795810666763,-1.883193546754683,1.8257807475776242,560,54,0.4296592175172531,0.241437121110339
0,0.00980392156862745,32.51487646204882,-1.8255891938692528,1.8352625275821128,606,8,0.5497466365306689,0.3607544283058801
0,0.8611111111111112,33.16734508187535,-1.6860649112944592,1.3231708992276219,85,529,0.6984476103001818,0.6497544925601355
1,0.0718954248366013,31.874488497680712,-1.9890474874073771,1.9575499080884022,568,46,0.4037989066350436,0.022179260860846206
2,0.9705882352941176,32.482615965621896,-1.8427098003104345,1.4109949628347804,18,596,0.5423943025069322,0.3252920968015345
0,0.7434640522875817,33.3700433438796,-1.7260735249920125,1.3862287677978349,157,457,0.744643592797293,0.5668836709659204
1,0.5261437908496732,33.28676739403043,-1.7769345930773324,1.4989786083335404,290,324,0.7256645730285793,0.4615338947589147
1,0.0196078431372549,32.11157496697372,-1.9900886222380372,2.013101105626967,600,14,0.4578321394682474,0.020022732782683406
3,0.16139240506329114,30.242913021104116,-1.90021436299665,1.7376647337053737,265,54,0.03195441515604713,0.20618148749006604
1,0.05392156862745098,31.78991634963658,-1.9884892463229662,1.878278372248849,579,35,0.3845244765922846,0.023335559293541586
1,0.20261437908496732,31.694287817425337,-1.908733158939213,1.7502913788006587,488,126,0.36273023940162563,0.1885362967796258
0,0.06045751633986928,31.966241678512723,-1.9131602105481538,1.8027776247196041,575,39,0.42470993119864264,0.17936643633791416
3,0.9556962025316456,30.93996203578424,-1.7845257009241222,1.3796951665608619,14,305,0.19081549153328758,0.4458102471256993
1,0.23202614379084968,31.15661421699882,-1.8953541357988335,1.713325912040734,470,144,0.24019164440399887,0.21624859513999262
0,0.6094771241830066,33.535818118317145,-1.7731015168894209,1.4697543268466824,239,375,0.7824245214676075,0.46947343936115304
2,0.477124183006536,32.28305350922276,-1.90433828068926,1.6006603374309376,320,294,0.49691298632918635,0.19763951575475414
2,0.21895424836601307,31.24662583059252,-1.9781214643703728,1.8062641938283535,478,136,0.2607057567846178,0.04481060001892523
1,0.24183006535947713,33.61169282822636,-1.9819359924929794,1.82371946178183,464,150,0.7997167603663593,0.03690947447870219
3,0.6139240506329114,31.037323488688802,-1.7981302589297092,1.4478660988891399,122,197,0.2130046703145938,0.41763079287437366
3,0.2120253164556962,31.41570291330098,-1.8783667048362822,1.7222313328292376,249,70,0.29923929859317333,0.251435077013213
0,0.45751633986928103,32.7120225448885,-1.8179238657973993,1.5594815668184234,332,282,0.5946772486739773,0.37663181010935265
1,0.16339869281045752,30.761533072057244,-1.9542494702422435,1.8185396073994429,512,102,0.15015060766202382,0.09425724621979903
1,0.6356209150326797,34.175023374593785,-1.7063596521950202,1.3945343832614077,223,391,0.9281027060708738,0.6077174985971565
0,0.3202614379084967,32.40048085325998,-1.8899648799839277,1.6945798601797895,416,198,0.5236752855032742,0.22741149272346872
1,0.19607843137254902,31.080769482413952,-1.9198444871883995,1.7604712448170943,492,122,0.22290623703673162,0.1655211303963573
2,0.20261437908496732,31.722267598269813,-1.9782873833989176,1.8116056333939583,488,126,0.3691069761993848,0.04446692787078277
3,0.9462025316455697,30.967950840538833,-1.784162084841115,1.3701878338420928,17,302,0.19719428492684443,0.44656341402549415
1,0.30718954248366015,32.23677365476226,-1.848156298789804,1.651121015038069,424,190,0.486365568085505,0.31401063108495064
2,0.5718954248366013,32.6993879231031,-1.8909127399289274,1.5702565375950357,262,352,0.5917977530084277,0.22544816720081595
0,0.704248366013072,34.067648550088656,-1.7573176114092575,1.4382550176792908,181,433,0.9036314281012325,0.5021670294214
0,0.7761437908496732,33.25287943255863,-1.7109669363015376,1.3647355108681518,137,477,0.7179413313020113,0.5981743181682773
1,0.0784313725490196,31.53911453638972,-1.988682950523383,1.9458150170787551,564,50,0.3273654459206128,0.022934335038281795
2,0.9183006535947712,32.39361892904713,-1.8509042611451945,1.431630947911111,50,564,0.5221114174774764,0.30831870934472994
0,0.006535947712418301,32.64286193755933,-1.8164865418840956,1.8353491942234077,608,6,0.5789151884862056,0.3796089743393587
1,0.3758169934640523,32.4731363791227,-1.7727874712030285,1.5406741606295171,382,232,0.5402338557045434,0.47012392988417373
3,0.29430379746835444,31.285342046153826,-1.8270453339799269,1.62215370227252,223,96,0.26952938259541437,0.35773828962534315
1,0.880718954248366,33.23406652671602,-1.6103535053387172,1.2480874960313577,73,541,0.7136537727386987,0.8065773823267257
3,0.09177215189873418,31.51305775907457,-1.9319248326301843,1.8121253520255494,287,32,0.32142697157515165,0.14049881496522154
2,0.8741830065359477,32.603239183227075,-1.8514531972432,1.4368154153924828,77,537,0.5698849577998573,0.3071816845583095
2,0.43790849673202614,31.961039485620926,-1.9111337702474194,1.6315700789656966,344,270,0.4235243245269338,0.18356385177207502
1,0.04738562091503268,31.878814448635442,-1.9887874042287874,1.9010667141979305,583,31,0.4047848132363727,0.022717977519601362
3,0.7151898734177216,31.5462258449116,-1.795371462470329,1.4155606630306516,90,229,0.32898614992053865,0.4233451555595784
3,0.8575949367088608,31.492840068071885,-1.793581043096934,1.3953322584033976,45,274,0.31681925520670884,0.4270536950654229
0,0.4215686274509804,32.447059186431154,-1.8315957075983758,1.5857889968242211,354,260,0.5342907285891911,0.34831298928446763
2,0.19607843137254902,31.1990648511682,-1.9784334957218421,1.8113815601504555,492,122,0.24986636353424352,0.04416428183717347
2,0.24836601307189543,33.038339318294426,-1.978162017642311,1.8157025154845838,460,154,0.669046529415307,0.04472660103337489
2,0.013071895424836602,32.46787845303298,-1.8871559747738404,1.8794508728285058,604,10,0.5390355471487132,0.23322964689146586
1,0.032679738562091505,31.874127571841353,-1.9891317699701738,1.9455991514129352,592,22,0.4037166497691338,0.0220046843239583
2,0.795751633986928,32.755748003791545,-1.8725486136074456,1.4771155312812152,125,489,0.6046425069558712,0.26348623189422504
3,0.6360759493670886,31.215527070380897,-1.7951057003644757,1.4392712877203313,115,204,0.25361818845417083,0.423895635119484
3,0.1360759493670886,31.518847747922937,-1.909404549449075,1.7686303996707076,273,46,0.32274653998611313,0.18714562917030975
3,0.14240506329113925,31.11237289077096,-1.8960567702455413,1.7536304801917124,271,48,0.23010881729012755,0.21479321119894346
1,0.6029411764705882,33.9987286593769,-1.7345160724760178,1.431557632772571,243,371,0.8879242284758293,0.5493964155554565
3,0.41455696202531644,30.821704306343133,-1.8436958588115397,1.6121577411874595,185,134,0.1638639432299529,0.3232496496739161
3,0.3670886075949367,30.705906284556665,-1.8867694858233446,1.7165673917429753,200,119,0.13747297502552236,0.23403019092197885
1,0.6094771241830066,33.907397114007345,-1.7271570233190525,1.415015751158943,239,375,0.8671092968153031,0.5646393943399781
2,0.6944444444444444,33.61966967517867,-1.887674933393443,1.5139470614867965,187,427,0.8015347250521314,0.23215471519038333
3,0.379746835443038,30.597357068657974,-1.8704748023295987,1.6777783190792557,196,123,0.11273404718199753,0.26778176799366804
0,0.20261437908496732,32.111426258867944,-1.9162417890311958,1.7678721106662054,488,126,0.4577982481216534,0.17298348734029956
3,0.9746835443037974,32.00067162597675,-1.7725212915953121,1.3634051133928073,8,311,0.4325566943366077,0.4706752742259157
1,0.24836601307189543,32.85630077141311,-1.9653277079992455,1.8081284050314708,460,154,0.6275590028702975,0.07131062098356988
2,0.6094771241830066,33.115074143665915,-1.8963219640753084,1.559755497470126,239,375,0.6865347930774091,0.21424390872321508
2,0.11764705882352941,31.28571570579735,-1.967618505240168,1.8591653109160768,540,74,0.26961454156116726,0.06656563654356606
1,0.9444444444444444,33.516977262709986,-1.5671286757845893,1.2008936262717274,34,580,0.7781305930083651,0.8961100306084022
0,0.8022875816993464,33.32366688599416,-1.703421414006958,1.3543220466259964,121,493,0.7340741581333248,0.6138035433305462
0,0.9052287581699346,33.329808599922345,-1.6928138295817332,1.3290286565120697,58,556,0.7354738865095003,0.6357752927916414
0,0.21568627450980393,31.842291659678658,-1.9114406265753041,1.7676172924938447,480,134,0.3964610806956479,0.18292825274343993
0,0.8480392156862745,33.61961195858585,-1.6937809113323188,1.3340066759761655,93,521,0.8015215711420511,0.6337721526722246
1,0.7892156862745098,33.60692030225909,-1.6711981411684529,1.3260128072353616,129,485,0.798629077009477,0.6805483976953646
0,0.369281045751634,32.371538940646154,-1.8636932149873204,1.6378578430223698,386,228,0.5170792738980392,0.28182863597604735
1,0.04084967320261438,32.11021168908644,-1.9887320866401275,1.9232799539368028,587,27,0.45752144138531037,0.022832558196040686
2,0.5849673202614379,32.70434030242972,-1.8964710309338209,1.559633933561147,254,360,0.5929264258763114,0.21393514288766813
1,0.46405228758169936,33.414445545408455,-1.7358183569582517,1.473214844899973,328,286,0.7547630842244919,0.5466989618069222
0,0.20915032679738563,32.271676011112376,-1.9158809823517762,1.7623150704093087,484,130,0.49431999565244755,0.17373083505362485
2,0.5032679738562091,32.747733642524246,-1.9036436467205253,1.5906507821480704,304,310,0.602815992563646,0.19907832810979986
0,0.7565359477124183,33.222444215660225,-1.7185829844462923,1.3752364150256224,149,465,0.7110049879252491,0.5823990110849553
0,0.13071895424836602,31.603485399391182,-1.9130621638638965,1.804077040117352,532,82,0.3420358985980858,0.17956952283674665
2,0.7859477124183006,33.079651096902374,-1.8800362373714223,1.4981366198874824,131,483,0.6784616974716435,0.24797693337666438
0,0.5784313725490197,33.12942148982364,-1.7742377662318358,1.480413677976106,258,356,0.6898046274875744,0.4671198982648872
0,0.06535947712418301,32.37143341978575,-1.8553455745575975,1.8470259949329193,572,42,0.5170552251480798,0.2991193080801531
1,0.6813725490196079,33.890212870710734,-1.6953163120957457,1.3633024037317505,195,419,0.8631929188715208,0.6305918394600889
1,0.09803921568627451,31.033244078156734,-1.9880563928902786,1.901407930553079,552,62,0.2120749515509761,0.024232139211752823
0,0.880718954248366,33.4426191014044,-1.6851739865098712,1.318293040102702,73,541,0.761183983381696,0.6515998868903563
2,0.1111111111111111,31.32326275303232,-1.9675572757550353,1.860033909718346,544,70,0.2781717078621222,0.06669246267598616
1,0.45751633986928103,33.160922870564626,-1.7371686757879778,1.478459982215684,332,282,0.6969839551194754,0.5439020133377883
0,0.43790849673202614,32.31731555011648,-1.829798505957538,1.5747301747801037,344,270,0.504721482691175,0.3520355770670034
2,0.8088235294117647,32.848065199041,-1.8659419458758726,1.472248013656454,117,497,0.6256820733229311,0.2771707846021565
3,0.3259493670886076,30.800512192698992,-1.837963396328485,1.63238299185809,213,106,0.15903415090069828,0.3351234396362468
0,0.8349673202614379,33.29926524979532,-1.6950436046971957,1.3389913790695755,101,513,0.7285128990105463,0.6311567049748876
2,0.6552287581699346,33.2318318845246,-1.8888180820733198,1.5289260249179843,211,403,0.7131444862231593,0.22978688332742836
2,0.9901960784313726,32.576296430484255,-1.8356063485512333,1.4004552399066514,6,608,0.5637445650711568,0.34000565043500774
2,0.4215686274509804,32.17200142078129,-1.9116539768893375,1.6364136810898071,354,260,0.4716036408854549,0.18248633501179912
0,0.33986928104575165,32.38268549723498,-1.8831065986697755,1.6745692479879102,404,210,0.5196196318073225,0.24161721880846931
1,0.5849673202614379,33.39690850726103,-1.7216729981632184,1.420487649966195,254,360,0.7507663025091533,0.5759985899807689
0,0.6683006535947712,33.7850680599871,-1.7436362428649814,1.4229203181741186,203,411,0.8392298725788532,0.5305055832230465
2,0.8545751633986928,32.5817324044051,-1.8581200056254086,1.4467570607768785,89,525,0.5649834516487671,0.29337256104752374
2,0.5326797385620915,32.59734424608833,-1.904277326283454,1.5949746921524348,286,328,0.5685414711306072,0.19776577210862634
1,0.04411764705882353,31.989061278918154,-1.9887200290368634,1.911889930948487,585,29,0.42991063618001135,0.02285753340504204
2,0.0196078431372549,32.55779966353037,-1.8673304059806155,1.8799352523566075,600,14,0.5595290561960136,0.27429483317577974
3,0.8227848101265823,31.39483761465523,-1.7993287687468955,1.4381406901824496,56,263,0.29448398909271134,0.41514829013159504
2,0.1830065359477124,31.132569191182142,-1.9780971417908424,1.8211470951317783,500,114,0.23471165863211052,0.044860979973707416
1,0.49019607843137253,33.20338483123576,-1.7211995934038338,1.4471484694777745,312,302,0.7066612556180631,0.5769791648553042
2,0.9509803921568627,32.4323818014572,-1.8432877207292044,1.4163272748795108,30,584,0.5309456766254694,0.3240950360815207
2,0.026143790849673203,32.373246444985035,-1.9164259300038171,1.8696907870385844,596,18,0.5174684229700279,0.17260207163303098
3,0.7341772151898734,31.385433749863733,-1.8014517734888207,1.4084461071166137,84,235,0.2923407996592271,0.4107508584049735
0,0.9248366013071896,33.20860833999321,-1.678524839793589,1.3134751321324272,46,568,0.7078517202858254,0.6653724273598725
0,0.75,33.27215987470977,-1.7195393742714093,1.3804366761974138,153,461,0.72233544380867,0.580418017412669
2,0.8218954248366013,32.85096451719535,-1.8654605849037513,1.4617672495335379,109,505,0.6263428429288842,0.2781678393750271
0,0.545751633986928,32.99903328622305,-1.795344963527795,1.5118975960142693,278,336,0.6600884813706624,0.42340004346836135
1,0.5588235294117647,33.299978841087025,-1.736850855663561,1.4468670644030392,270,344,0.7286755301574335,0.5445603219467472
3,0.5917721518987342,31.088687926688607,-1.8021525551783737,1.4735077809902477,129,190,0.22471089145014123,0.40929931212520376
0,0.7859477124183006,33.88841975386692,-1.7260471943596487,1.3861115151535393,131,483,0.8627842582667729,0.5669382102497251
2,0.26143790849673204,31.937919783481355,-1.9779914337720734,1.7904476205609308,452,162,0.41825522480788635,0.04507993558238432
0,0.04084967320261438,32.3181954403762,-1.8826095043160833,1.8137521577549054,587,27,0.5049220142331601,0.24264686251998935
3,0.629746835443038,30.932223179746046,-1.795955865281378,1.4425356364492432,117,202,0.1890517662080029,0.4221346677016453
3,0.2879746835443038,30.967851972472324,-1.8211904293154166,1.6276486907262062,225,94,0.19717175238302875,0.36986569707743966
2,0.4084967320261438,32.228343983674435,-1.9180994998619483,1.652538684928734,362,252,0.4844444024367274,0.16913556539047336
0,0.477124183006536,32.629663328789654,-1.8094435644526072,1.538236598942558,320,294,0.5759071572693548,0.39419726601647476
1,0.8986928104575164,33.806439563441614,-1.6194806393973795,1.2635402021758835,62,552,0.844100548773902,0.7876721259746882
0,0.09803921568627451,31.78039681801023,-1.9139593751505897,1.8255815042203762,552,62,0.38235492608877664,0.1777111071207229
1,1.0,33.8912822372509,-1.5426703969635054,1.1856752327929356,0,614,0.8634366330380061,0.9467710626552979
2,0.7173202614379085,32.84069778843796,-1.8875042014728922,1.5135813035589147,173,441,0.6240030023338559,0.23250835639963308
2,0.33986928104575165,32.16100333536097,-1.9430080085541772,1.7139701997004613,404,210,0.4690971203235348,0.11754196118273974
2,0.6879084967320261,33.271000362987586,-1.8878077163294114,1.5136050185229033,191,423,0.7220711850888675,0.23187967864248948
2,0.8480392156862745,32.775898242252914,-1.8581969672334215,1.4468161332173683,93,521,0.6092348505412071,0.29321314858361136
3,0.6962025316455697,31.226789107710772,-1.8167125180994765,1.454576670077708,96,223,0.2561848650217371,0.3791409042689753
3,0.9018987341772152,30.899653280757406,-1.7849995504167615,1.3589854739373584,31,288,0.181628917739868,0.44482875106427944
2,0.08496732026143791,31.805988160181123,-1.9468340181835688,1.8710089649779995,560,54,0.38818732535709977,0.1096170537162644
0,0.3758169934640523,32.45549347979197,-1.857820396301907,1.6327350407099108,382,232,0.5362129476778943,0.2939931491784584
2,0.13071895424836602,31.32285733932258,-1.9675056354779956,1.849201702126164,532,82,0.27807931198041125,0.06679942644678771
3,0.1518987341772152,30.586452588663985,-1.8948411660605735,1.7462197416415093,268,51,0.11024885978097387,0.2173111219244479
0,0.5326797385620915,33.007275861749356,-1.802670753119494,1.5269528268489705,286,328,0.6619670069730983,0.4082259560360946
0,0.6356209150326797,33.79269513542102,-1.7588271887545277,1.449042163761236,223,391,0.840968122526168,0.49904020488785683
1,0.8741830065359477,33.31018716138479,-1.6180985297864203,1.2532313315493426,77,537,0.7310020591623569,0.7905349234677304
2,0.3137254901960784,32.29917704213345,-1.955058998571939,1.7396457455286727,420,194,0.5005876228888146,0.09258045036046703
2,0.4150326797385621,32.1833106060944,-1.9179522150901998,1.6472174627573322,358,256,0.47418106272230354,0.1694406399460524
1,0.4019607843137255,32.562223096007365,-1.7526167898737661,1.5145492986655427,366,248,0.560537179340554,0.5119039562181853
2,0.04411764705882353,32.14782797344657,-1.946961601670498,1.8590084577709232,585,29,0.46609438718526075,0.10935278691453032
2,0.7369281045751634,32.720417557744895,-1.886419275237733,1.4978220596995881,161,453,0.5965905155325206,0.23475559068664031
0,0.7009803921568627,33.889346908026745,-1.7567879869499758,1.4333920485221476,183,431,0.8629955614960947,0.5032640535374777
0,0.9836601307189542,33.32067807371405,-1.6674467270234996,1.288003392619118,10,604,0.7333929923531457,0.6883187937076474
0,0.238562091503268,31.35934131425137,-1.9144128654409127,1.7360913511847138,466,148,0.28639419860336535,0.17677178157377504
1,0.28104575163398693,32.24289319481841,-1.8837082435178907,1.6975954237461768,440,174,0.4877602429215342,0.24037101709680453
1,0.02287581699346405,32.112576242471775,-1.9891170520197212,1.9687898262728398,598,16,0.4580603353339914,0.02203516997525856
1,0.9379084967320261,33.49803069556778,-1.5684640005188113,1.2056159765131735,38,576,0.7738125723434255,0.8933441397765782
3,0.37341772151898733,30.62583594950684,-1.8786631828974334,1.6958235570934848,198,121,0.1192245314526712,0.2508209747426875
1,0.3006535947712418,31.984935871368258,-1.8592903578575999,1.6607591387047655,428,186,0.4289704344580825,0.29094838180028715
2,0.24183006535947713,33.880577817079796,-1.9779140108313502,1.8150756899575577,464,150,0.8609970403055556,0.04524030361604048
3,0.7721518987341772,31.435921914290372,-1.7784070647657095,1.384901110085747,72,247,0.303847313514364,0.4584839280814266
3,0.21835443037974683,31.383299841535273,-1.870834339681941,1.711846298984729,247,72,0.291854470912166,0.2670370494686116
2,0.9117647058823529,32.446842086875606,-1.8511947629213035,1.441790586562399,54,560,0.534241250477395,0.3077169858998059
2,0.5784313725490197,32.724576765133094,-1.8968789299198896,1.565249873909438,258,356,0.5975384204124508,0.2130902517260176
0,0.9575163398692811,33.3198093248819,-1.6817992883033976,1.3034100438655642,26,588,0.7331950000001406,0.6585899819513128
2,0.8349673202614379,32.450684441760906,-1.858515986418667,1.451354972758956,101,513,0.5351169430327918,0.2925523563305865
1,0.34967320261437906,32.47193402838835,-1.7982439953659044,1.5829719744686166,398,216,0.5399598337522571,0.4173952078080192
3,0.3860759493670886,30.528493896066262,-1.8562833971202242,1.6606586897774192,194,125,0.09703977390956275,0.2971767732334829
0,0.43137254901960786,32.84488475360107,-1.8432799764914718,1.5955263892495937,348,266,0.6249572333542837,0.3241110769108375
2,0.3888888888888889,32.212169716369466,-1.9243785304854075,1.6674367208253988,374,240,0.4807582032461877,0.15612965545030644
1,0.5081699346405228,33.224088400657315,-1.8210481343824243,1.5935866593100128,301,313,0.7113797061916838,0.37016043605777327
0,0.029411764705882353,32.27679750791685,-1.8535899338510957,1.824613268496936,594,20,0.49548721126840256,0.30275580968133076
2,0.00980392156862745,32.554748499572646,-1.8875256535871228,1.8807709009833444,606,8,0.5588336801459528,0.23246392210994093
0,0.17647058823529413,31.649024294808623,-1.9170149640438081,1.7884432335370462,504,110,0.3524144484427696,0.17138199099714546
0,0.7173202614379085,33.46482299584788,-1.7352637407600366,1.406981663677643,173,441,0.7662443657892055,0.5478477519240452
0,0.7826797385620915,33.745054045019884,-1.7184206130755166,1.375392016895762,133,481,0.8301104715697534,0.5827353348826572
3,0.11392405063291139,30.540598970902945,-1.917373033348097,1.783470722841926,280,39,0.09979858308608147,0.1706403132759826
1,0.08496732026143791,31.220866832188786,-1.9885447318884866,1.9242461121680094,560,54,0.25483514779352046,0.02322063068251623
0,0.5196078431372549,33.35156485472646,-1.816317296828028,1.5480915247767786,294,320,0.7404322495274949,0.3799595357697827
3,0.5854430379746836,30.981374033120872,-1.8118563821702207,1.4807376792294196,131,188,0.2002534999563359,0.3891995375741133
3,0.9335443037974683,31.111640631561894,-1.7970097248124899,1.3934907492075153,21,298,0.2299419316283018,0.419951782639735
3,0.7626582278481012,31.52669677306915,-1.7856528650965158,1.3785651415666713,75,244,0.32453537342103633,0.4434755243646471
0,0.7369281045751634,33.38984948261314,-1.7326888725308258,1.391284788852726,161,453,0.7491575142745805,0.5531811395606332
1,0.0,32.142777859921516,-1.990533350635129,2.035337591005598,612,2,0.4649434401879615,0.01910155595981511
2,0.8921568627450981,32.637733704417855,-1.8658259561850365,1.4672063484781797,66,548,0.5777464376241985,0.2774110368900442
2,0.42810457516339867,32.03316223587618,-1.9115865510736891,1.6362554312048496,350,264,0.4399614724111389,0.18262599575539973
3,0.17405063291139242,30.251184852221932,-1.8739718829459886,1.7085949894470602,261,58,0.03383960825913235,0.26053817924919853
3,0.3037974683544304,31.41096207271253,-1.819052179250902,1.6140066510467586,220,99,0.298158836498037,0.37429470681418664
3,0.0759493670886076,31.11122470608501,-1.9325959489970461,1.8042980520967649,292,27,0.22984714006048002,0.13910871519501722
2,0.006535947712418301,32.68511456550919,-1.877784734502072,1.8806626717011388,608,6,0.5885447809747077,0.25264052642228396
2,0.3333333333333333,31.859048861486652,-1.9431227050969846,1.7139788776485192,408,206,0.4002801336750288,0.11730438742404115
0,0.05392156862745098,31.941655359029298,-1.9027629207037406,1.802579500826209,579,35,0.4191065817999151,0.20090259748244277
1,0.00980392156862745,32.14711742429942,-1.9896009282099438,2.0132846655407413,606,8,0.46593244935885547,0.021032905369522403
0,0.8284313725490197,33.411988203265814,-1.7014238498912502,1.3441891937970554,105,509,0.7542030432380109,0.6179411468153164
3,0.12974683544303797,31.451400678644536,-1.9106033469326071,1.771209039672698,275,44,0.3073750039844825,0.18466253057718207
2,0.6486928104575164,32.991553593266204,-1.8885071150010755,1.5287603942958483,215,399,0.6583838206523032,0.2304309970415508
2,0.12418300653594772,31.331850868998004,-1.9678214300979182,1.8481398178778288,536,78,0.28012898391822105,0.06614531331490436
3,0.5031645569620253,30.89768961926806,-1.8157980815469454,1.5321613015959863,157,162,0.18118138912815152,0.38103499910007566
0,0.1895424836601307,31.329995610092634,-1.9162302821549877,1.7730337158018288,496,118,0.2797061608161746,0.17300732181485934
3,0.18037974683544303,30.212407704391104,-1.8791764961687347,1.711469957068211,259,60,0.025002095668900104,0.24975773638982846
0,0.24183006535947713,34.31088483888259,-1.9388813849818083,1.7936240148573608,464,150,0.9590662366125713,0.12608953767307884
1,0.1568627450980392,30.828713779105055,-1.965705768920947,1.8392508917181876,516,98,0.16546143833337457,0.07052753413555024
3,0.5506329113924051,30.913721930762733,-1.8273691233501441,1.5334262000312422,142,177,0.18483523585516792,0.35706761677133647
1,0.6486928104575164,33.84150372451663,-1.7046265574439607,1.3838379472327809,215,399,0.8520918524746861,0.6113073002085456
2,0.545751633986928,32.578228834731775,-1.9036546380501311,1.5853517062988178,278,336,0.564184969995762,0.19905556149954595
2,0.8872549019607843,32.26742656599958,-1.857823928669184,1.4418575315878015,69,545,0.4933515251282694,0.29398583249958987
3,0.9208860759493671,30.47122187456595,-1.809775952165901,1.4268427818454643,25,294,0.08398718393349736,0.39350878320383087
2,0.704248366013072,33.393130865360554,-1.8951144121477894,1.5391372798653098,181,433,0.7499053583777666,0.21674514061062
1,0.8480392156862745,33.482874768414376,-1.632488007933941,1.2741273923001468,93,521,0.7703584581414429,0.7607296448991816
1,0.7238562091503268,33.839566254190565,-1.7004366132157598,1.3573151296618016,169,445,0.8516502929645728,0.6199860343243988
2,0.32679738562091504,32.021134355757404,-1.9485230174751031,1.723900324588418,412,202,0.43722025631017036,0.10611858811034303
0,0.16993464052287582,31.902247475518077,-1.9231439161693824,1.7993770651972192,508,106,0.4101253212852374,0.1586869423259385
3,0.7468354430379747,31.435368910968148,-1.7816941240706174,1.3935670371440676,80,239,0.30372128119646646,0.4516753616240665
0,0.1111111111111111,31.596747992569153,-1.9134590742247914,1.8147691941158939,544,70,0.3405004087298016,0.17874739268359363
1,0.4444444444444444,32.543943889007906,-1.7545532300777185,1.4887593608730894,340,274,0.5563712535044933,0.5078929601891122
0,0.026143790849673203,32.3461408313,-1.853972745505648,1.8247738529891333,596,18,0.5112909133900931,0.30196288252398373
3,0.4651898734177215,30.843513277103145,-1.8303326102702338,1.5866011820698824,169,150,0.16883432048700353,0.3509292737208112
2,0.05065359477124183,31.881310103471357,-1.9574063719005568,1.8587355450601035,581,33,0.40535358588384796,0.08771827848414482
1,0.06045751633986928,31.890449470827843,-1.9774549866256104,1.8675892574453767,575,39,0.4074364949836111,0.046191091697548536
2,0.20915032679738563,31.900827580605675,-1.9781961432676651,1.8060548955557403,484,130,0.4098017198893871,0.04465591578964467
0,0.032679738562091505,32.15709350345252,-1.863380178294828,1.8246195526864504,592,22,0.46820604940549515,0.2824770365452869
2,0.5130718954248366,32.91993878980996,-1.9233409193548265,1.6259938279733204,298,316,0.6420624364712726,0.1582788848021801
1,0.7761437908496732,33.65376593260611,-1.6634753413292604,1.3156485301862682,137,477,0.8093054385045342,0.6965448221783426
1,0.10457516339869281,31.001249222460967,-1.9772969675547487,1.878674213680085,548,66,0.2047831584240658,0.04651840046982514
2,0.45751633986928103,32.41813169746276,-1.9051068520548522,1.615823510161921,332,282,0.5276980042073642,0.19604755505844285
2,0.04738562091503268,32.01380948237792,-1.946851050742258,1.8593622586957048,583,31,0.43555087977439655,0.10958177376022604
0,0.10457516339869281,31.688747146342205,-1.9030532722310995,1.8140311275083907,548,66,0.3614674917991163,0.20030118525143514
2,0.0784313725490196,32.19571819720114,-1.9260915660103672,1.8810954313244785,564,50,0.4770088169217255,0.15258140300530432
0,0.016339869281045753,32.43418218230641,-1.8168108743168803,1.8356616600675495,602,12,0.5313559927346247,0.3789371766265539
1,0.1830065359477124,30.96654665282149,-1.9312604088713479,1.7810046294120476,500,114,0.19687426328200264,0.14187505217248209
0,0.29411764705882354,32.05752645824972,-1.902207182631691,1.7158065389330133,432,182,0.4455142047295837,0.2020537113643206
1,0.9836601307189542,33.58210389885497,-1.5238501013926742,1.1644009557372264,10,604,0.7929732902949667,0.9857540018891093
1,0.29411764705882354,32.030140929891196,-1.8654809345089407,1.6714768322295086,432,182,0.4392729011475236,0.2781256887393191
2,0.0718954248366013,32.60219299451182,-1.9267118604677658,1.8814721597443598,568,46,0.5696465259795707,0.1512965719010939
2,0.6029411764705882,33.270627344923426,-1.9028574663381217,1.5652811168780458,243,371,0.7219861723423717,0.2007067627939798
3,0.9841772151898734,31.73992229230571,-1.769870119236631,1.3518646035305233,5,314,0.37313057230035707,0.47616671247500486
2,0.1568627450980392,31.13866351339678,-1.9784335668087778,1.8469504648208708,516,98,0.23610058619160412,0.04416413459306234
3,0.0,31.773285281389256,-1.9541761960216968,1.8550045207910817,316,3,0.3807341701038869,0.09440902090772685
2,0.369281045751634,32.11305439113157,-1.9305510314753316,1.6830744356583152,386,228,0.4581693078870881,0.14334440294960826
2,0.7892156862745098,32.932141650182686,-1.8730214281226414,1.4820775214392872,129,485,0.6448435314773127,0.2625068796069363
1,0.5392156862745098,33.11021541795579,-1.7571701008871028,1.4729664825468278,282,332,0.6854274643532072,0.5024725715793252
3,0.7025316455696202,31.387733116648285,-1.7981268087177564,1.4283179548274056,94,225,0.2928648372443705,0.4176379393829075
3,0.9272151898734177,30.939221783021114,-1.7896694300229208,1.4064481483279663,23,296,0.19064678409914038,0.43515591504366613
0,0.6029411764705882,33.673365085761986,-1.780229415660985,1.4808005946928984,243,371,0.8137721868979071,0.45470924803212354
0,0.34967320261437906,32.56636929496716,-1.8709550260104437,1.659013868748246,398,216,0.5614821195323554,0.2667870689200771
0,0.3627450980392157,32.347056454418095,-1.8640049795794804,1.642653782130131,390,224,0.5114995886353535,0.2811828703393875
3,0.4873417721518987,30.967899275139946,-1.8188198987741453,1.555618272193922,162,157,0.19718253290568288,0.3747758350555861
3,0.6740506329113924,31.027558674438325,-1.800802328247715,1.442834198908794,103,216,0.2107792186321653,0.41209607024154815
1,0.9705882352941176,33.54281440778599,-1.538651770825325,1.1745952836753915,18,596,0.7840190120303365,0.9550949414147203
3,0.05379746835443038,32.02311236185272,-1.9400338819083036,1.8285288846046388,299,20,0.4376710541317932,0.12370234255791068
1,0.38235294117647056,32.52334649341759,-1.7601807681971697,1.5253138744624433,378,236,0.5516770004962641,0.4962365026313189
0,0.45098039215686275,32.21997626855924,-1.8176720770210877,1.5597659473370362,336,278,0.4825373568746194,0.37715334636949116
2,0.8284313725490197,32.572302329954546,-1.865134613881632,1.4566952670489708,105,509,0.5628342888983973,0.2788430311380594
3,0.39556962025316456,31.203754246103966,-1.8625354754370638,1.6664109274827466,191,128,0.25093510089899773,0.28422669026623515
1,0.1503267973856209,31.131339987164562,-1.9771310999966942,1.855276687885587,520,94,0.2344315166776605,0.04686196600588044
1,0.6290849673202614,34.01657212624259,-1.7067823273466607,1.395164296571563,227,387,0.8919908468812601,0.606842001201803
3,0.19936708860759494,30.22428629982563,-1.8993718818269214,1.7492382064360228,253,66,0.02770928901805636,0.20792653937416405
1,0.795751633986928,33.47350597721994,-1.6632769410531225,1.3101186784831063,125,489,0.7682232621621701,0.696955773530278
2,0.7696078431372549,32.623742674615976,-1.8728728303565048,1.4827874322228984,141,473,0.574557809554805,0.2628146737999546
2,0.5588235294117647,32.652115712561326,-1.8973347377958825,1.5752185465278068,270,344,0.5810241716802267,0.2121461257071009
0,0.3888888888888889,32.50100298369444,-1.8568340008006827,1.622125485521159,374,240,0.54658479904427,0.29603629434267864
1,0.42810457516339867,32.65645090520509,-1.738622547139575,1.4876323024497422,350,264,0.5820121845102966,0.5408905739935022
1,0.9575163398692811,33.567636169584304,-1.5521827524962775,1.185179251041941,26,588,0.7896760199506039,0.9270678876276337
1,0.016339869281045753,32.03447836207717,-1.9901040351037365,2.0138990759931645,602,12,0.44026142438084737,0.019990807736410154
0,0.7892156862745098,33.7353756996425,-1.712021613408506,1.3698500035838939,129,485,0.8279047265908188,0.5959897396414684
0,0.0,32.572328114029,-1.8187019641679727,1.8564874208181574,612,2,0.5628401652223491,0.3750201158942521
0,0.3333333333333333,32.136071448067796,-1.8776883243431417,1.6744741591159717,408,206,0.4634150142332958,0.25284022314611887
3,0.810126582278481,30.434500875864142,-1.8196650877007408,1.4604310209194575,60,259,0.07561827836651513,0.3730251745283608
0,0.6486928104575164,33.39042251934235,-1.7513097768253418,1.433445432156979,215,399,0.7492881123095669,0.5146112043616995
2,0.815359477124183,33.072327061961936,-1.865786095147701,1.4670106672274665,113,501,0.6767925120204641,0.2774936020331049
3,0.28164556962025317,30.989730398009076,-1.83704467002657,1.6387701497987262,227,92,0.2021579587429967,0.3370264199303268
1,0.7826797385620915,33.983578066068176,-1.6645875549232958,1.3209025697502388,133,481,0.8844713298846418,0.69424106691647
1,0.8349673202614379,33.12740933210319,-1.6339151095418003,1.2792078171714618,101,513,0.6893460463339123,0.7577736543808458
3,0.4810126582278481,30.984434580754094,-1.8278449003095165,1.5641732953289167,164,155,0.20095101459458586,0.3560821283008577
0,0.5849673202614379,33.130681310493344,-1.773860289771637,1.4752095869031632,254,360,0.690091747135428,0.46790177450348036
3,0.5316455696202531,30.775415173787835,-1.809986175960184,1.5014219556532926,148,171,0.1533144104604709,0.393073341509135
2,0.7826797385620915,32.864544723781215,-1.872734820116884,1.4819015554137276,133,481,0.6294378422621021,0.26310053778995
0,0.12418300653594772,31.59124667045208,-1.9025819745719061,1.802765665167823,536,78,0.33924662896021474,0.2012773956377294
0,0.4444444444444444,32.06376130177751,-1.8236746835609148,1.5649019950937946,340,274,0.4469351578232814,0.3647200004049771
3,0.939873417721519,31.037910219908994,-1.7861513769566684,1.3882493512249316,19,300,0.21313838939491792,0.44244294453727306
0,0.7238562091503268,33.40210697922146,-1.7344350518111926,1.4012037783587625,169,445,0.7519510611613542,0.549564235643174
1,0.7009803921568627,34.23744800906639,-1.7102007614808157,1.3841605738237488,183,431,0.9423296031985098,0.5997613148424938
1,0.9117647058823529,33.58195933847606,-1.5916400783224371,1.2321202877943334,54,560,0.7929403442367828,0.8453389621056662
0,0.5522875816993464,33.03772281691292,-1.7893518988259454,1.5065638960681105,274,340,0.6689060255612143,0.4358136251901379
0,0.1437908496732026,32.081128118597164,-1.9298830859597569,1.8307038456739428,524,90,0.4508931452174423,0.14472793485786895
3,0.40822784810126583,30.96825922704022,-1.8383636766891702,1.6257639928779952,187,132,0.19726456780583668,0.3342943291199769
3,0.4430379746835443,31.039033590700278,-1.8572649157581866,1.6404348572349936,176,143,0.21339441140960425,0.29514372963559987
0,0.4019607843137255,32.50480154634882,-1.8444180038305806,1.6065631397488385,366,248,0.5474505111236976,0.32175385300646653
2,0.06045751633986928,31.867182607083926,-1.9680218912213907,1.848378951850034,575,39,0.40213385637364585,0.06573009327940316
3,0.5189873417721519,30.726188079151118,-1.8129628028687814,1.5222595950771978,152,167,0.14209530093414635,0.3869077812785391
0,0.9640522875816994,33.33765795318198,-1.6750812261110137,1.2978870806495706,22,592,0.7372627947231694,0.6725052687346174
2,0.29411764705882354,31.81736328028127,-1.9607588424014128,1.749647593537689,432,182,0.3907797740730041,0.08077422421431901
2,0.8611111111111112,32.35021153014993,-1.8577209868352302,1.4413797481446793,85,529,0.5122186467162839,0.29419905844189964
0,0.7303921568627451,33.410688917712235,-1.7280392046289716,1.3967008232726328,165,449,0.7539069293389655,0.5628121105830175
0,0.28104575163398693,32.43754560319043,-1.9144278105456467,1.7364225056478186,440,174,0.5321225337535385,0.17674082541224756
0,0.9379084967320261,33.18660088296571,-1.6773783325850857,1.3077959946944353,38,576,0.7028361069816178,0.6677472158254414
3,0.7848101265822784,31.5817445550721,-1.7764462760420034,1.3733464385229082,68,251,0.33708104770935154,0.4625453577959018
2,0.032679738562091505,32.183319483399806,-1.926771167846017,1.8700442394188577,592,22,0.47418308590612845,0.15117372707574095
2,0.47058823529411764,32.56399373078006,-1.898761620917719,1.6108655863730026,324,290,0.5609407161649917,0.2091905877442164
2,0.03758169934640523,32.378853181816005,-1.936979366983281,1.8596518987766364,589,25,0.5187462272982364,0.1300292341448559
1,0.6160130718954249,33.70518417605219,-1.7305179027385762,1.4097311506517451,235,379,0.8210239221796307,0.557677922470933
0,0.013071895424836602,32.38234901543077,-1.8261139590277586,1.8346455082120419,604,10,0.519542945863475,0.35966746937853156
2,0.49673202614379086,32.68851871366292,-1.8977934870545983,1.5958065114633972,308,306,0.5893206039490764,0.21119590713009861
2,0.0,32.62485875142121,-1.8691188840185695,1.89105229539079,612,2,0.574812169232338,0.27059031480558904
1,0.0032679738562091504,32.29307515705474,-1.990277542145709,2.0251402460314116,610,4,0.49919697171347366,0.019631418350180674
1,0.05718954248366013,31.82883467218067,-1.9883474274444874,1.8675697161520206,577,37,0.3933941636299849,0.023629312210499798
1,0.5522875816993464,33.26265398635676,-1.7439614243216512,1.4518364681062514,274,340,0.7201690026777339,0.5298320269062704
3,0.5126582278481012,30.81568822237933,-1.822108117298183,1.5316232403693415,154,165,0.1624928465725617,0.3679648674792464
1,0.22549019607843138,31.15837149963786,-1.907114151507875,1.7337887419624838,474,140,0.240592138208104,0.19188978653101696
0,0.1503267973856209,31.849792632896243,-1.9293005284805407,1.8199041089501267,520,94,0.39817059129551424,0.14593460043477346
3,0.5569620253164557,31.228215653165606,-1.8180385592622932,1.523845267514426,140,179,0.2565099821106118,0.3763942427260112
2,0.9967320261437909,32.81804879809979,-1.8561013515700384,1.4217865046055154,2,612,0.6188411802694054,0.2975538486409315
0,0.8741830065359477,33.46501751186519,-1.679793840292355,1.3184664436640334,77,537,0.766288696995808,0.6627439155416126
0,0.8415032679738562,33.59980731390034,-1.695057731610264,1.3389145230206971,97,517,0.7970079901660387,0.6311274435537997
2,0.5522875816993464,32.62728298499839,-1.8977146678452774,1.5799737147242376,274,340,0.5753646646054751,0.21135916728910376
1,0.2875816993464052,32.07305565938816,-1.8716651994380054,1.6820634524029463,436,178,0.44905339000375477,0.26531606930331186
1,0.48366013071895425,32.92241762841388,-1.7269073147637581,1.4519237720967177,316,298,0.6426273766124835,0.5651566217873669
2,0.13725490196078433,31.608436452122476,-1.9683447778186904,1.8834677437950846,528,86,0.34316426912803344,0.06506129036105435
3,0.08544303797468354,31.13166983979621,-1.9387520938161948,1.8231002302844226,289,30,0.2345066917987868,0.12635734163150314
0,0.32679738562091504,32.29371860868794,-1.8893703824420507,1.6849029086609286,412,202,0.49934361766934554,0.22864289004464355
3,0.8449367088607594,30.88589263299331,-1.7929541659933774,1.413889163393182,49,270,0.1784927949286832,0.42835216096586715
3,0.9620253164556962,31.295019295352862,-1.7920667435100546,1.3686586323935683,12,307,0.27173487774963334,0.4301903008936856
1,0.565359477124183,33.31663547841367,-1.7360045229798653,1.441380399427779,266,348,0.7324716639712809,0.546313351566071
1,0.1437908496732026,31.307368922041046,-1.9884344406296768,1.8822317526092551,524,90,0.27454942155820916,0.023449079668560913
2,0.2679738562091503,31.688686599521045,-1.9721889844228178,1.780343032300132,448,166,0.3614536928653571,0.05709869105506016
0,0.0915032679738562,31.894456524691385,-1.873239184822504,1.8251136435078368,556,58,0.4083497232881603,0.26205583482038897
2,0.49019607843137253,32.365261126964526,-1.8982712229514884,1.5962179519462243,312,302,0.5156485276839913,0.21020636106435342
1,0.6944444444444444,34.490493589415046,-1.689240311218937,1.353269090999531,187,427,1.0,0.6431772089126451
0,0.38235294117647056,32.50017194695606,-1.8572160981955346,1.6277528915533617,378,236,0.5463954014725241,0.29524484664894546
0,0.5588235294117647,33.07740307192613,-1.7883879159763685,1.5015453526671363,270,344,0.6779493609502101,0.43781034647998496
2,0.34967320261437906,32.33880662180898,-1.9370190075205085,1.7040137474382486,398,216,0.5096194091062021,0.1299471257290712
3,0.25,31.373945543706103,-1.8538766950740675,1.6769770618433686,237,82,0.28972257804581236,0.3021618341357475
1,0.05065359477124183,31.767450711024402,-1.9885910895930397,1.8891989948061458,581,33,0.37940444133469153,0.02312460883350731
3,0.6518987341772152,31.259213269721236,-1.7841592631620102,1.4249026750004896,110,209,0.2635744992786275,0.44656925863854324
1,0.20915032679738563,31.875581783696685,-1.90276801874341,1.7394925037732578,484,130,0.40404807217380423,0.20089203778799547
3,0.5632911392405063,31.261679783387308,-1.8085351614741645,1.5011920994261239,138,181,0.26413663050274394,0.396078863357769
1,0.026143790849673203,32.03566207329278,-1.9892116643905464,1.9681661764334244,596,18,0.44053119829038767,0.02183919705396331
1,0.8921568627450981,33.78417036686004,-1.6420364978388977,1.2898048773266901,66,548,0.8390252836713055,0.740951623861271
3,0.2563291139240506,31.56128410753226,-1.845735037450336,1.6655229306478936,235,84,0.33241800587027726,0.31902584900809217
1,0.49673202614379086,33.533950654066935,-1.721141114732718,1.4468538105659885,308,306,0.7819989167043317,0.5771002931592673
1,0.7173202614379085,33.877146811272176,-1.7013404928191733,1.3682657783199066,173,441,0.8602150963329285,0.6181138063606064
0,0.5130718954248366,33.33950238056361,-1.8294275689587538,1.5638491446744425,298,316,0.7376831492649218,0.3528039079589784
2,0.2875816993464052,31.889431533099835,-1.960929600351624,1.760081061854204,436,178,0.4072045017094643,0.08042052908919572
1,0.8284313725490197,33.272050895552354,-1.6402541382604887,1.279253057384795,105,509,0.7223106068949301,0.7446434689163302
0,0.565359477124183,33.05467981523988,-1.7815447770741009,1.4908444050400238,266,348,0.6727706132008429,0.4519847077163237
1,0.12418300653594772,31.00810965793079,-1.9445990482746272,1.8451997961855777,536,78,0.2063466871576276,0.1142464016360023
2,0.5081699346405228,32.50500516961017,-1.936992342648715,1.6888211161855506,301,313,0.5474969179183304,0.13000235733119325
1,0.8611111111111112,32.98562738901426,-1.6178242977824624,1.2581373688955233,85,529,0.6570332080462054,0.7911029469350574
1,0.029411764705882353,31.99527968872302,-1.989191243247005,1.9572307917560536,594,20,0.4313278439432402,0.02188149586881316
0,0.6552287581699346,33.67370212742761,-1.7511840784846122,1.4333958900838095,211,403,0.8138490004370658,0.5148715664139325
3,0.45569620253164556,30.959784195511766,-1.839168422289249,1.5920964324686278,172,147,0.19533306427798358,0.3326274398456568
2,0.46405228758169936,32.64044972789331,-1.9049079394753692,1.61672418029789,328,286,0.5783654334246231,0.1964595675568459
0,0.47058823529411764,32.857549597381336,-1.8110297241968543,1.5488741079890418,324,290,0.6278436167688071,0.3909118144839847
0,0.2679738562091503,32.00739178780946,-1.9202346781375206,1.7468706179837907,448,166,0.4340882539826154,0.16471291832540835
3,0.6044303797468354,31.22599987103565,-1.8000309691416814,1.4580923557119019,125,194,0.25600499390064524,0.41369380525292376
1,0.3562091503267974,32.40219271195366,-1.7857963808615818,1.567137636713563,394,220,0.5240654269552483,0.44317825664493427
3,0.6613924050632911,31.134701292957466,-1.8136320536623207,1.4698115324524124,107,212,0.23519757565636645,0.3855215457160561
2,0.238562091503268,30.920682316695828,-1.9780170042003,1.7803268604502753,466,148,0.18642154381636633,0.04502697092803043
3,0.04746835443037975,31.95346971511436,-1.9412796601390512,1.8327002069419656,301,18,0.4217991346690102,0.12112193159224471
2,0.9444444444444444,32.382600705235255,-1.8498733070449755,1.4212633510031694,34,580,0.5196003072719444,0.3104541498265454
1,0.3888888888888889,32.518264823491045,-1.7653027883569699,1.5301570318067428,374,240,0.5505188616318177,0.4856271368064107
2,0.6225490196078431,32.953112654161664,-1.889754408573026,1.5438771531345021,231,383,0.6496229317700468,0.22784744731253248
0,0.9313725490196079,33.236115055926255,-1.6839115230941766,1.3132020634442203,42,572,0.7141206431430387,0.6542148582883192
3,0.6424050632911392,31.400797084337558,-1.7940097981352856,1.4286475681888218,113,206,0.2958421830624802,0.42616560425179273
3,0.47468354430379744,30.797157400797865,-1.829290599843924,1.5800766490336253,166,153,0.15826957647162487,0.35308761544169176
1,0.43137254901960786,33.180785234653264,-1.7870762809520677,1.5302876214401704,348,266,0.7015106906460522,0.4405271682353509
1,0.27450980392156865,31.876564068962466,-1.8950209973545986,1.7081086552553244,444,170,0.40427194006737466,0.2169386329600247
3,0.8829113924050633,31.31018499405759,-1.7989851707207014,1.388215260193751,37,282,0.275191218938712,0.4158599931399549
0,0.03758169934640523,32.36407129853099,-1.872968810287894,1.8142019357673917,589,25,0.5153773596288396,0.2626158682169639
2,0.8676470588235294,32.28754240914786,-1.8512458354075154,1.4362456252208178,81,533,0.4979360298438218,0.3076111982080545
0,0.8088235294117647,33.691961507697364,-1.703574708739156,1.3546417018378962,117,497,0.8180104076588606,0.6134860201966692
3,0.12341772151898735,30.82566018736547,-1.9180652422275581,1.7809386125310702,277,42,0.16476550897926767,0.16920652406775316
1,0.9248366013071896,33.5111267532655,-1.5767754479909835,1.2217397581377356,46,568,0.776797231640467,0.8761284350320224
0,0.23202614379084968,31.331626572312267,-1.9148485784393638,1.7418496047960008,470,144,0.2800778655432241,0.1758692785669509
2,0.1503267973856209,31.515041989202878,-1.9785908218423578,1.852085039652352,520,94,0.3218791878860916,0.04383840838992192
1,0.9052287581699346,33.63735785291911,-1.6048643562670923,1.2479761706842853,58,556,0.8055659522625849,0.8179471912598082
0,0.3562091503267974,32.46542951751835,-1.8705599868289542,1.6538540573335014,394,220,0.5384774220762445,0.26760532325349207
2,0.04084967320261438,32.2913249500013,-1.947065774665518,1.8590746560862206,587,27,0.49879809047193024,0.10913701083814598
3,0.5981012658227848,31.336420133762665,-1.8092953592546854,1.46801928526661,127,192,0.281170342995531,0.39450424707333287
0,0.6290849673202614,33.64948900485925,-1.765575132998529,1.455023751906683,227,387,0.808330704545881,0.4850630226790531
1,0.013071895424836602,32.06687277315468,-1.9895483606575701,2.000528337624771,604,10,0.4476442782462131,0.021141789828437396
1,0.3627450980392157,32.30987415652578,-1.7850748194527644,1.5613446139713882,390,224,0.5030255505964885,0.44467284446623223
1,0.477124183006536,33.13634596100404,-1.7278671098991139,1.4516292657521335,320,294,0.691382750290841,0.5631685746125679
1,0.9509803921568627,33.531923269271225,-1.5537993411647462,1.1905903985558335,30,584,0.7815368652214456,0.9237194079190232
1,0.369281045751634,32.35440526839345,-1.7785916660457872,1.5511711892790419,386,228,0.5131744213567746,0.45810155892804794
1,0.17647058823529413,31.06432144678013,-1.9373547119632697,1.7971018450305436,504,110,0.21915764462780452,0.1292517728934346
1,0.13725490196078433,31.10097217303459,-1.9997552547832569,1.9247760889090635,528,86,0.22751053474050842,0.0
2,0.6160130718954249,32.90572814040102,-1.908430732943726,1.549897685670499,235,379,0.6388237559573051,0.18916271915224048
0,0.6944444444444444,34.050076369857344,-1.735841378420618,1.4075983731469897,187,427,0.8996266373231805,0.5466512768879945
1,0.9640522875816994,33.60493096509702,-1.5452652929126827,1.1796706818144624,22,592,0.7981756967791229,0.9413961911117492
2,0.9771241830065359,32.46389583182878,-1.842239518040086,1.4061714290398801,14,600,0.538127887173621,0.3262662039880415
2,0.7565359477124183,32.57651826255201,-1.879702248133121,1.487482776538081,149,465,0.5637951217469652,0.24866873346728724
3,0.7531645569620253,31.542375291159843,-1.7797379985412234,1.3893644292809475,78,241,0.3281085888010624,0.45572713234993456
1,0.6617647058823529,34.34663683304219,-1.6982347588599789,1.3786059891863676,207,407,0.9672143010315883,0.6245467891876828
1,0.3464052287581699,32.25699351958767,-1.803802475704306,1.5876273123575604,400,214,0.4909737798793925,0.40588179132373847
0,0.8545751633986928,33.3945201718652,-1.6869434054016965,1.3286444309174914,89,525,0.7502219885172519,0.6479348461964105
0,0.11764705882352941,31.565586498787077,-1.913620909902553,1.813969388710352,540,74,0.33339854309411887,0.17841217847995372
0,0.8676470588235294,33.10962161613893,-1.6795829780331424,1.3181691588445197,81,533,0.6852921338473248,0.6631806797043565
0,0.21895424836601307,31.759815453754253,-1.9158166997544155,1.762668359743147,478,136,0.3776643267045747,0.17386398517219082
3,0.8512658227848101,31.053992379018933,-1.784474211719448,1.3989331662177225,47,272,0.21680359665132176,0.4459168979766095
3,0.02531645569620253,31.31691283374216,-1.9520511323479741,1.8396018424355423,308,11,0.2767245284068771,0.09881071735021596
2,0.3954248366013072,32.21746401954225,-1.9184028799161776,1.6622662630667526,370,244,0.48196480232743255,0.1685071668526148
3,0.43670886075949367,30.809988428281613,-1.864690278795044,1.673645314879889,178,141,0.16119383401186393,0.2797633932872472
2,0.38235294117647056,32.23340825772458,-1.9245739020356052,1.6732060275966172,378,236,0.48559857669094963,0.15572497757260217
1,0.32679738562091504,32.42612199208859,-1.8170860697729954,1.6088496302961666,412,202,0.5295190336874978,0.3783671575371734
3,0.16772151898734178,30.10270376338569,-1.8936767267608487,1.7315166735475835,263,56,0.0,0.2197230535698247
1,0.5032679738562091,33.5767934055627,-1.7200547727480755,1.4416741930284678,304,310,0.791763001401736,0.5793504599228592
